Study_Hours,Attendance,Previous_Marks,Final_Marks
3.6,78.5,36.7,42.5
7.7,45.0,88.7,65.7
6.1,49.7,62.8,55.4
5.2,93.9,83.7,67.4
2.1,76.4,50.8,42.9
2.1,40.6,88.2,45.7
1.4,46.1,55.3,47.7
7.1,79.8,30.7,53.6
5.2,40.3,88.8,57.7
6.0,49.6,35.9,45.7
1.1,72.9,50.8,41.4
7.8,81.5,91.8,79.3
6.8,79.1,91.8,80.0
2.5,53.5,67.3,51.5
2.3,82.7,71.1,53.3
2.3,54.2,59.1,41.2
3.1,59.5,49.1,42.5
4.7,84.8,51.4,44.3
4.0,79.0,73.7,53.7
3.0,91.0,78.9,70.3
5.3,79.5,81.5,76.5
2.0,74.1,81.3,55.7
3.0,45.6,35.9,37.8
3.6,62.1,62.1,52.6
4.2,55.9,33.7,55.4
6.5,54.6,65.7,65.0
2.4,98.4,58.7,54.6
4.6,63.6,87.7,60.0
5.1,93.5,52.8,51.9
1.3,77.9,37.6,39.5
5.3,87.7,39.3,49.6
2.2,70.2,79.5,48.8
1.5,74.6,70.2,47.9
7.6,69.6,36.6,49.5
7.8,51.7,35.5,58.8
6.7,83.3,75.6,75.4
3.1,56.8,34.7,37.5
1.7,41.5,83.4,56.2
5.8,78.7,75.9,67.8
4.1,50.6,35.3,34.7
1.9,96.4,35.5,51.5
4.5,97.2,94.1,78.1
1.2,94.9,54.3,44.0
7.4,62.2,54.1,58.3
2.8,40.9,82.8,47.4
5.6,95.7,91.6,70.6
3.2,65.7,94.1,68.2
4.6,98.0,79.0,79.6
4.8,97.8,54.5,53.7
2.3,91.2,35.4,46.7
7.8,57.7,80.5,66.7
6.4,63.1,66.3,59.1
7.6,91.1,57.6,65.6
7.3,59.0,88.9,67.8
5.2,50.2,37.2,43.2
7.5,73.4,62.0,61.4
1.6,96.2,30.7,42.5
2.4,81.8,60.5,51.5
1.3,74.2,33.7,34.8
3.3,45.8,37.7,31.8
3.7,76.9,37.6,42.6
2.9,99.4,72.2,66.2
6.8,48.4,78.5,66.4
3.5,71.1,67.9,50.5
3.0,92.6,92.5,69.6
4.8,84.4,54.4,61.0
2.0,81.8,48.6,37.5
6.6,82.1,86.5,77.7
1.5,61.6,44.5,34.5
7.9,57.6,92.6,78.0
6.4,88.6,30.8,49.9
2.4,88.6,93.0,57.5
1.0,92.0,32.8,31.1
6.7,94.8,87.9,79.2
5.9,70.7,64.3,62.5
6.1,70.1,94.5,69.1
6.4,87.9,34.8,58.3
1.5,79.0,66.0,42.4
3.5,82.1,93.0,67.9
1.8,87.7,64.0,46.9
7.0,93.4,70.9,69.6
5.4,60.3,75.2,61.5
3.3,62.5,59.5,45.1
1.4,45.6,70.8,42.1
3.2,74.7,68.0,60.4
3.3,42.2,88.6,52.9
6.1,67.9,33.0,52.7
5.5,72.6,48.3,48.2
7.2,57.2,91.8,75.3
4.3,75.4,87.9,74.1
1.8,41.8,59.6,27.5
6.0,42.2,70.3,52.7
6.3,89.4,48.0,63.4
4.9,61.6,42.2,46.1
6.4,47.6,60.1,57.0
4.5,71.3,53.0,49.4
4.7,86.2,67.9,63.1
4.0,52.9,35.1,38.5
1.2,77.4,93.3,66.1
1.8,45.1,94.1,55.5
1.2,43.1,75.4,46.3
5.5,71.9,64.8,58.2
3.2,72.4,50.1,45.3
4.6,78.2,82.9,64.2
7.4,83.6,74.5,74.7
2.7,98.6,40.6,47.0
3.9,71.0,89.2,66.5
6.3,59.4,83.5,77.5
2.6,87.7,91.7,70.8
1.5,56.2,77.2,47.9
3.0,66.3,69.9,59.6
2.1,44.7,57.2,38.4
7.5,41.5,90.6,59.0
6.7,97.8,86.3,73.9
5.4,90.2,32.9,42.7
7.1,81.8,31.7,52.7
6.6,64.5,54.5,57.9
2.3,50.4,82.7,61.0
7.2,49.4,94.2,73.4
4.8,55.0,39.8,42.9
6.7,73.0,68.6,69.8
7.3,82.9,54.8,53.4
3.2,79.6,93.0,68.0
1.8,56.8,84.7,57.3
2.6,97.3,84.5,58.5
4.0,84.3,60.5,62.9
6.7,73.3,57.0,63.0
7.0,76.7,47.8,57.3
1.0,65.2,33.7,36.1
4.6,54.9,86.2,73.3
3.9,61.4,82.8,61.1
2.6,85.5,95.0,68.3
1.8,40.9,94.8,51.3
3.4,47.0,66.1,44.0
7.6,42.8,80.0,69.6
3.3,42.4,91.4,52.7
4.6,91.3,85.2,71.2
5.9,82.2,46.1,54.4
3.5,68.5,59.3,53.9
7.8,45.9,38.4,51.9
7.7,69.5,92.0,82.6
2.8,68.4,69.4,50.6
4.5,50.4,44.9,42.6
3.1,66.0,73.7,50.4
3.0,63.9,70.2,50.8
1.3,77.0,53.3,46.2
5.3,78.1,37.4,54.1
4.5,42.7,73.7,49.1
1.4,62.5,63.8,49.6
3.0,77.6,80.2,67.1
7.4,70.2,63.8,67.2
2.7,91.4,85.4,74.4
2.0,79.5,65.9,48.4
4.4,49.8,66.5,46.1
7.9,44.2,87.0,60.7
2.7,78.5,56.2,57.7
5.7,41.6,38.7,46.3
6.3,75.1,31.9,50.3
2.7,96.4,79.1,65.1
6.1,74.5,70.3,59.4
3.6,63.3,75.8,69.1
5.4,78.6,43.8,54.1
5.4,67.5,38.9,49.3
4.8,72.7,30.9,48.4
1.6,96.5,52.8,52.5
6.8,63.2,68.3,64.8
3.2,97.7,55.5,52.4
2.3,94.3,58.4,56.2
1.3,51.7,88.8,61.7
5.1,44.2,52.6,54.2
5.7,46.0,63.4,62.1
1.1,41.1,80.9,43.4
4.6,45.7,55.8,42.5
2.6,81.0,70.4,55.5
5.5,44.3,86.1,62.3
2.2,59.1,91.7,63.6
5.8,90.7,39.6,47.5
3.7,41.4,90.2,65.2
7.6,88.9,62.0,68.9
2.0,56.9,46.8,36.7
3.4,47.1,59.8,40.8
1.8,81.8,93.7,55.0
7.5,77.7,62.0,70.8
7.1,92.6,51.4,65.5
2.8,84.1,71.2,51.5
5.6,88.2,45.6,50.7
6.7,56.9,34.9,46.7
4.9,50.6,38.4,51.0
4.7,85.0,38.3,49.4
2.7,88.4,39.9,38.6
1.7,99.4,39.0,44.2
7.3,64.8,71.7,65.3
7.3,62.3,41.8,40.7
5.4,86.6,52.5,58.7
3.4,60.4,88.3,59.4
3.4,95.8,60.8,62.1
6.1,91.5,73.4,79.7
7.3,65.7,41.2,60.4
7.2,85.1,42.5,58.5
6.5,85.3,32.7,48.2
